{
    "q1": {
        "ndcg": 0.9919618236679693,
        "ndcg_cut_3": 1.0,
        "ndcg_cut_5": 1.0
    },
    "q2": {
        "ndcg": 0.9977722574057949,
        "ndcg_cut_3": 1.0,
        "ndcg_cut_5": 1.0
    },
    "q3": {
        "ndcg": 1.0,
        "ndcg_cut_3": 1.0,
        "ndcg_cut_5": 1.0
    },
    "q4": {
        "ndcg": 0.9365678442569622,
        "ndcg_cut_3": 1.0,
        "ndcg_cut_5": 0.8687949224876582
    },
    "q5": {
        "ndcg": 0.9686817311903336,
        "ndcg_cut_3": 1.0,
        "ndcg_cut_5": 1.0
    },
    "q6": {
        "ndcg": 0.9712888577871244,
        "ndcg_cut_3": 1.0,
        "ndcg_cut_5": 1.0
    },
    "q7": {
        "ndcg": 0.8583960902951512,
        "ndcg_cut_3": 1.0,
        "ndcg_cut_5": 1.0
    },
    "q8": {
        "ndcg": 0.9009220611058633,
        "ndcg_cut_3": 1.0,
        "ndcg_cut_5": 1.0
    },
    "q9": {
        "ndcg": 0.9089670168064423,
        "ndcg_cut_3": 1.0,
        "ndcg_cut_5": 1.0
    },
    "q10": {
        "ndcg": 1.0,
        "ndcg_cut_3": 1.0,
        "ndcg_cut_5": 1.0
    },
    "q11": {
        "ndcg": 1.0,
        "ndcg_cut_3": 1.0,
        "ndcg_cut_5": 1.0
    },
    "q12": {
        "ndcg": 1.0,
        "ndcg_cut_3": 1.0,
        "ndcg_cut_5": 1.0
    },
    "q13": {
        "ndcg": 0.8612481700719665,
        "ndcg_cut_3": 1.0,
        "ndcg_cut_5": 0.7227265726449519
    },
    "q14": {
        "ndcg": 0.9198724518635817,
        "ndcg_cut_3": 1.0,
        "ndcg_cut_5": 0.8687949224876582
    },
    "q15": {
        "ndcg": 0.9516908697904073,
        "ndcg_cut_3": 1.0,
        "ndcg_cut_5": 1.0
    },
    "q16": {
        "ndcg": 0.7920209015299735,
        "ndcg_cut_3": 1.0,
        "ndcg_cut_5": 0.8539316501572937
    },
    "q17": {
        "ndcg": 0.9593419775075558,
        "ndcg_cut_3": 1.0,
        "ndcg_cut_5": 1.0
    },
    "q18": {
        "ndcg": 0.8769116261170687,
        "ndcg_cut_3": 1.0,
        "ndcg_cut_5": 0.8687949224876582
    },
    "q19": {
        "ndcg": 0.6379804229431931,
        "ndcg_cut_3": 0.46927872602275644,
        "ndcg_cut_5": 0.3391602052736161
    },
    "q20": {
        "ndcg": 0.7539933445565628,
        "ndcg_cut_3": 0.5307212739772434,
        "ndcg_cut_5": 0.5147714448836774
    },
    "q21": {
        "ndcg": 0.8707886990071816,
        "ndcg_cut_3": 1.0,
        "ndcg_cut_5": 0.7227265726449519
    },
    "q22": {
        "ndcg": 1.0,
        "ndcg_cut_3": 1.0,
        "ndcg_cut_5": 1.0
    },
    "q23": {
        "ndcg": 1.0,
        "ndcg_cut_3": 1.0,
        "ndcg_cut_5": 1.0
    },
    "q24": {
        "ndcg": 0.678957388348983,
        "ndcg_cut_3": 0.5307212739772434,
        "ndcg_cut_5": 0.5147714448836774
    },
    "q25": {
        "ndcg": 1.0,
        "ndcg_cut_3": 1.0,
        "ndcg_cut_5": 1.0
    },
    "q26": {
        "ndcg": 1.0,
        "ndcg_cut_3": 1.0,
        "ndcg_cut_5": 1.0
    },
    "q27": {
        "ndcg": 1.0,
        "ndcg_cut_3": 1.0,
        "ndcg_cut_5": 1.0
    },
    "q28": {
        "ndcg": 0.9849174031658094,
        "ndcg_cut_3": 1.0,
        "ndcg_cut_5": 1.0
    },
    "q29": {
        "ndcg": 0.9550144487346476,
        "ndcg_cut_3": 1.0,
        "ndcg_cut_5": 1.0
    },
    "q30": {
        "ndcg": 0.9634210217462089,
        "ndcg_cut_3": 1.0,
        "ndcg_cut_5": 1.0
    },
    "q31": {
        "ndcg": 1.0,
        "ndcg_cut_3": 1.0,
        "ndcg_cut_5": 1.0
    },
    "q32": {
        "ndcg": 1.0,
        "ndcg_cut_3": 1.0,
        "ndcg_cut_5": 1.0
    },
    "q33": {
        "ndcg": 1.0,
        "ndcg_cut_3": 1.0,
        "ndcg_cut_5": 1.0
    },
    "q34": {
        "ndcg": 0.9613177515615062,
        "ndcg_cut_3": 1.0,
        "ndcg_cut_5": 1.0
    },
    "q35": {
        "ndcg": 0.9595869556414731,
        "ndcg_cut_3": 1.0,
        "ndcg_cut_5": 1.0
    },
    "q36": {
        "ndcg": 0.9684144672337351,
        "ndcg_cut_3": 1.0,
        "ndcg_cut_5": 1.0
    },
    "q37": {
        "ndcg": 0.9273898810910202,
        "ndcg_cut_3": 1.0,
        "ndcg_cut_5": 1.0
    },
    "q38": {
        "ndcg": 0.3891997537467492,
        "ndcg_cut_3": 0.0,
        "ndcg_cut_5": 0.0
    },
    "q39": {
        "ndcg": 0.6290425289952183,
        "ndcg_cut_3": 0.2960819109658652,
        "ndcg_cut_5": 0.36005461457723403
    },
    "q40": {
        "ndcg": 1.0,
        "ndcg_cut_3": 1.0,
        "ndcg_cut_5": 1.0
    },
    "q41": {
        "ndcg": 1.0,
        "ndcg_cut_3": 1.0,
        "ndcg_cut_5": 1.0
    },
    "q42": {
        "ndcg": 1.0,
        "ndcg_cut_3": 1.0,
        "ndcg_cut_5": 1.0
    },
    "q43": {
        "ndcg": 0.9739765041329868,
        "ndcg_cut_3": 1.0,
        "ndcg_cut_5": 1.0
    },
    "q44": {
        "ndcg": 0.9163892289728306,
        "ndcg_cut_3": 1.0,
        "ndcg_cut_5": 0.8687949224876582
    },
    "q45": {
        "ndcg": 0.9620213880284794,
        "ndcg_cut_3": 1.0,
        "ndcg_cut_5": 1.0
    },
    "q46": {
        "ndcg": 0.9971226952512304,
        "ndcg_cut_3": 1.0,
        "ndcg_cut_5": 1.0
    },
    "q47": {
        "ndcg": 0.9989382186219917,
        "ndcg_cut_3": 1.0,
        "ndcg_cut_5": 1.0
    },
    "q48": {
        "ndcg": 1.0,
        "ndcg_cut_3": 1.0,
        "ndcg_cut_5": 1.0
    },
    "q49": {
        "ndcg": 0.9901369186175921,
        "ndcg_cut_3": 1.0,
        "ndcg_cut_5": 1.0
    },
    "q50": {
        "ndcg": 0.8777636192473364,
        "ndcg_cut_3": 1.0,
        "ndcg_cut_5": 0.7227265726449519
    },
    "q51": {
        "ndcg": 1.0,
        "ndcg_cut_3": 1.0,
        "ndcg_cut_5": 1.0
    },
    "q52": {
        "ndcg": 0.9549789508217187,
        "ndcg_cut_3": 1.0,
        "ndcg_cut_5": 1.0
    },
    "q53": {
        "ndcg": 0.8736550204695306,
        "ndcg_cut_3": 1.0,
        "ndcg_cut_5": 0.8687949224876582
    },
    "q54": {
        "ndcg": 0.7957542243786497,
        "ndcg_cut_3": 0.7653606369886217,
        "ndcg_cut_5": 0.5531464700081437
    },
    "q55": {
        "ndcg": 1.0,
        "ndcg_cut_3": 1.0,
        "ndcg_cut_5": 1.0
    },
    "q56": {
        "ndcg": 0.9977722574057949,
        "ndcg_cut_3": 1.0,
        "ndcg_cut_5": 1.0
    },
    "q57": {
        "ndcg": 1.0,
        "ndcg_cut_3": 1.0,
        "ndcg_cut_5": 1.0
    },
    "q58": {
        "ndcg": 0.9523079276473747,
        "ndcg_cut_3": 1.0,
        "ndcg_cut_5": 1.0
    },
    "q59": {
        "ndcg": 0.9918858557693299,
        "ndcg_cut_3": 1.0,
        "ndcg_cut_5": 1.0
    },
    "q60": {
        "ndcg": 0.9635995175828986,
        "ndcg_cut_3": 1.0,
        "ndcg_cut_5": 1.0
    }
}