{
    "q1": {
        "ndcg": 0.9811399587303864,
        "ndcg_cut_3": 1.0,
        "ndcg_cut_5": 1.0
    },
    "q2": {
        "ndcg": 0.9941862118847538,
        "ndcg_cut_3": 1.0,
        "ndcg_cut_5": 1.0
    },
    "q3": {
        "ndcg": 1.0,
        "ndcg_cut_3": 1.0,
        "ndcg_cut_5": 1.0
    },
    "q4": {
        "ndcg": 0.9091668280413109,
        "ndcg_cut_3": 1.0,
        "ndcg_cut_5": 1.0
    },
    "q5": {
        "ndcg": 0.9585798804223216,
        "ndcg_cut_3": 1.0,
        "ndcg_cut_5": 1.0
    },
    "q6": {
        "ndcg": 0.9735038881043966,
        "ndcg_cut_3": 1.0,
        "ndcg_cut_5": 1.0
    },
    "q7": {
        "ndcg": 0.8691086912343464,
        "ndcg_cut_3": 1.0,
        "ndcg_cut_5": 1.0
    },
    "q8": {
        "ndcg": 0.9177396526999145,
        "ndcg_cut_3": 1.0,
        "ndcg_cut_5": 1.0
    },
    "q9": {
        "ndcg": 0.9012258628676432,
        "ndcg_cut_3": 1.0,
        "ndcg_cut_5": 1.0
    },
    "q10": {
        "ndcg": 0.9878316351280039,
        "ndcg_cut_3": 1.0,
        "ndcg_cut_5": 1.0
    },
    "q11": {
        "ndcg": 0.9878316351280039,
        "ndcg_cut_3": 1.0,
        "ndcg_cut_5": 1.0
    },
    "q12": {
        "ndcg": 0.9950883841893561,
        "ndcg_cut_3": 1.0,
        "ndcg_cut_5": 1.0
    },
    "q13": {
        "ndcg": 0.9651366671790967,
        "ndcg_cut_3": 1.0,
        "ndcg_cut_5": 0.8539316501572937
    },
    "q14": {
        "ndcg": 1.0,
        "ndcg_cut_3": 1.0,
        "ndcg_cut_5": 1.0
    },
    "q15": {
        "ndcg": 0.9220749417787153,
        "ndcg_cut_3": 1.0,
        "ndcg_cut_5": 0.8687949224876582
    },
    "q16": {
        "ndcg": 0.8591438515966048,
        "ndcg_cut_3": 1.0,
        "ndcg_cut_5": 1.0
    },
    "q17": {
        "ndcg": 0.922629460503154,
        "ndcg_cut_3": 1.0,
        "ndcg_cut_5": 1.0
    },
    "q18": {
        "ndcg": 0.8814673136177935,
        "ndcg_cut_3": 1.0,
        "ndcg_cut_5": 1.0
    },
    "q19": {
        "ndcg": 0.7689073267204959,
        "ndcg_cut_3": 0.7039180890341347,
        "ndcg_cut_5": 0.639945385422766
    },
    "q20": {
        "ndcg": 0.7395829431184114,
        "ndcg_cut_3": 0.46927872602275644,
        "ndcg_cut_5": 0.3391602052736161
    },
    "q21": {
        "ndcg": 0.9635644548902957,
        "ndcg_cut_3": 1.0,
        "ndcg_cut_5": 1.0
    },
    "q22": {
        "ndcg": 0.9838048780283076,
        "ndcg_cut_3": 1.0,
        "ndcg_cut_5": 0.8687949224876582
    },
    "q23": {
        "ndcg": 1.0,
        "ndcg_cut_3": 1.0,
        "ndcg_cut_5": 1.0
    },
    "q24": {
        "ndcg": 0.8760332743054197,
        "ndcg_cut_3": 1.0,
        "ndcg_cut_5": 0.8687949224876582
    },
    "q25": {
        "ndcg": 0.9885602306093416,
        "ndcg_cut_3": 1.0,
        "ndcg_cut_5": 1.0
    },
    "q26": {
        "ndcg": 1.0,
        "ndcg_cut_3": 1.0,
        "ndcg_cut_5": 1.0
    },
    "q27": {
        "ndcg": 0.9486578358446639,
        "ndcg_cut_3": 1.0,
        "ndcg_cut_5": 1.0
    },
    "q28": {
        "ndcg": 0.9730085617381167,
        "ndcg_cut_3": 1.0,
        "ndcg_cut_5": 1.0
    },
    "q29": {
        "ndcg": 0.9658464318801232,
        "ndcg_cut_3": 1.0,
        "ndcg_cut_5": 1.0
    },
    "q30": {
        "ndcg": 0.9384698560433998,
        "ndcg_cut_3": 1.0,
        "ndcg_cut_5": 1.0
    },
    "q31": {
        "ndcg": 0.9693715998720557,
        "ndcg_cut_3": 1.0,
        "ndcg_cut_5": 1.0
    },
    "q32": {
        "ndcg": 1.0,
        "ndcg_cut_3": 1.0,
        "ndcg_cut_5": 1.0
    },
    "q33": {
        "ndcg": 0.9950883841893561,
        "ndcg_cut_3": 1.0,
        "ndcg_cut_5": 1.0
    },
    "q34": {
        "ndcg": 0.934339044848566,
        "ndcg_cut_3": 1.0,
        "ndcg_cut_5": 1.0
    },
    "q35": {
        "ndcg": 0.9287206694593179,
        "ndcg_cut_3": 1.0,
        "ndcg_cut_5": 1.0
    },
    "q36": {
        "ndcg": 0.9164184712389999,
        "ndcg_cut_3": 1.0,
        "ndcg_cut_5": 1.0
    },
    "q37": {
        "ndcg": 0.9220233066924909,
        "ndcg_cut_3": 1.0,
        "ndcg_cut_5": 0.8539316501572937
    },
    "q38": {
        "ndcg": 0.823936824176604,
        "ndcg_cut_3": 1.0,
        "ndcg_cut_5": 0.8539316501572937
    },
    "q39": {
        "ndcg": 0.8172708249290522,
        "ndcg_cut_3": 0.7653606369886217,
        "ndcg_cut_5": 0.830419897363192
    },
    "q40": {
        "ndcg": 1.0,
        "ndcg_cut_3": 1.0,
        "ndcg_cut_5": 1.0
    },
    "q41": {
        "ndcg": 1.0,
        "ndcg_cut_3": 1.0,
        "ndcg_cut_5": 1.0
    },
    "q42": {
        "ndcg": 1.0,
        "ndcg_cut_3": 1.0,
        "ndcg_cut_5": 1.0
    },
    "q43": {
        "ndcg": 0.9451802203202346,
        "ndcg_cut_3": 1.0,
        "ndcg_cut_5": 1.0
    },
    "q44": {
        "ndcg": 0.8812911744690497,
        "ndcg_cut_3": 1.0,
        "ndcg_cut_5": 0.8687949224876582
    },
    "q45": {
        "ndcg": 0.9441165808745986,
        "ndcg_cut_3": 1.0,
        "ndcg_cut_5": 1.0
    },
    "q46": {
        "ndcg": 0.9918650372479446,
        "ndcg_cut_3": 1.0,
        "ndcg_cut_5": 1.0
    },
    "q47": {
        "ndcg": 0.997984890137701,
        "ndcg_cut_3": 1.0,
        "ndcg_cut_5": 1.0
    },
    "q48": {
        "ndcg": 1.0,
        "ndcg_cut_3": 1.0,
        "ndcg_cut_5": 1.0
    },
    "q49": {
        "ndcg": 0.9832653096396277,
        "ndcg_cut_3": 1.0,
        "ndcg_cut_5": 1.0
    },
    "q50": {
        "ndcg": 0.9395510981300623,
        "ndcg_cut_3": 1.0,
        "ndcg_cut_5": 1.0
    },
    "q51": {
        "ndcg": 1.0,
        "ndcg_cut_3": 1.0,
        "ndcg_cut_5": 1.0
    },
    "q52": {
        "ndcg": 0.9434603832983037,
        "ndcg_cut_3": 1.0,
        "ndcg_cut_5": 1.0
    },
    "q53": {
        "ndcg": 0.8223161922061311,
        "ndcg_cut_3": 0.7039180890341347,
        "ndcg_cut_5": 0.7860137352654724
    },
    "q54": {
        "ndcg": 0.8196853519552438,
        "ndcg_cut_3": 0.7039180890341347,
        "ndcg_cut_5": 0.7860137352654724
    },
    "q55": {
        "ndcg": 0.9927134655796084,
        "ndcg_cut_3": 1.0,
        "ndcg_cut_5": 1.0
    },
    "q56": {
        "ndcg": 1.0,
        "ndcg_cut_3": 1.0,
        "ndcg_cut_5": 1.0
    },
    "q57": {
        "ndcg": 1.0,
        "ndcg_cut_3": 1.0,
        "ndcg_cut_5": 1.0
    },
    "q58": {
        "ndcg": 0.9567006790753572,
        "ndcg_cut_3": 1.0,
        "ndcg_cut_5": 1.0
    },
    "q59": {
        "ndcg": 0.9745971800320091,
        "ndcg_cut_3": 1.0,
        "ndcg_cut_5": 1.0
    },
    "q60": {
        "ndcg": 0.9668503536442327,
        "ndcg_cut_3": 1.0,
        "ndcg_cut_5": 1.0
    }
}